{"assets/245-edit-document-lineal.gif":["assets/245-edit-document-lineal.gif"],"assets/BG.jpg":["assets/BG.jpg"],"assets/BG2.jpg":["assets/BG2.jpg"],"assets/BG3.jpg":["assets/BG3.jpg"],"assets/BG_SINGUP.jpg":["assets/BG_SINGUP.jpg"],"assets/loginPage.jpg":["assets/loginPage.jpg"],"assets/loginPageTop.jpg":["assets/loginPageTop.jpg"],"assets/loginPageTop_2.jpg":["assets/loginPageTop_2.jpg"],"assets/loginPage_2.jpg":["assets/loginPage_2.jpg"],"assets/page__bg.jpg":["assets/page__bg.jpg"],"assets/person.jpeg":["assets/person.jpeg"],"assets/signupPageTop.jpg":["assets/signupPageTop.jpg"],"assets/signupPageTop_2.jpg":["assets/signupPageTop_2.jpg"],"assets/welcomePage.jpg":["assets/welcomePage.jpg"],"assets/welcomePageLong.jpg":["assets/welcomePageLong.jpg"],"assets/welcomePageLongV.jpg":["assets/welcomePageLongV.jpg"],"assets/welcomePage_2.jpg":["assets/welcomePage_2.jpg"],"packages/cupertino_icons/assets/CupertinoIcons.ttf":["packages/cupertino_icons/assets/CupertinoIcons.ttf"],"packages/font_awesome_flutter/lib/fonts/fa-brands-400.ttf":["packages/font_awesome_flutter/lib/fonts/fa-brands-400.ttf"],"packages/font_awesome_flutter/lib/fonts/fa-regular-400.ttf":["packages/font_awesome_flutter/lib/fonts/fa-regular-400.ttf"],"packages/font_awesome_flutter/lib/fonts/fa-solid-900.ttf":["packages/font_awesome_flutter/lib/fonts/fa-solid-900.ttf"]}